{
    "dist_gap_mean": 0.6000000000000001,
    "dist_gap_std": 3.023016882025587e-15,
    "time_gap_mean": 69.58014399397884,
    "time_gap_std": 90.35477757399188,
    "lngs_std": 0.11126123665617786,
    "lngs_mean": -8.613425874722193,
    "lats_mean": 41.16039954429083,
    "dist_std": 7.977905629443607,
    "dist_mean": 5.956196881754445,
    "lats_std": 0.12904236336546904,
    "time_mean": 13.251048121039634,
    "time_std": 11.64344500528575,
    "train_set": [
        "train_000",
        "train_001",
        "train_002",
        "train_003",
        "train_004",
        "train_005",
        "train_006",
        "train_007",
        "train_008",
        "train_009",
        "train_010",
        "train_011",
        "train_012",
        "train_013",
        "train_014",
        "train_015",
        "train_016",
        "train_017",
        "train_018",
        "train_019",
        "train_020",
        "train_021"
    ],
    "eval_set": [
        "eval_000",
        "eval_001",
        "eval_002"
    ],
    "test_set": [
        "test_000",
        "test_001",
        "test_002",
        "test_003",
        "test_004",
        "test_005"
    ]
}