{
    "dist_gap_mean": 0.2521157065010404,
    "dist_gap_std": 0.4802578476820728,
    "time_gap_mean": 15.0,
    "time_gap_std": 1.0,
    "lngs_std": 0.054739049801750504,
    "lngs_mean": -8.616052526667593,
    "lats_mean": 41.1587573435705,
    "dist_std": 8.376659558131825,
    "dist_mean": 5.941801570084063,
    "lats_std": 0.08169187791290938,
    "time_mean": 717.0292623829272,
    "time_std": 672.6528316722696,
    "train_set": [
        "train_00"

    ],
    "eval_set": [
        "train_31"
    ],
    "test_set": [
        "train_32"
    ]
}